Height,Total Mean Var,Total SD Var,Total Low Water Mean,Total Low Water SD,Total Low Nitrogen Mean,Total Low Nitrogen Mean SD,Total Pathogen Mean,Total Pathogen SD
79.44775199037387,0,0,2.9756423898823887,-0.014601791766879802,-1.627963791586059,0.006504704200686516,-0.7792877067418058,0.019297089975945605
