"","test","chr.type","max.lod"
"1","mQTL","A",238.452735266318
"2","mQTL","A",237.842406526005
"3","vQTL","A",261.835379571751
"4","vQTL","A",263.308198232395
"5","mvQTL","A",212.099524328768
"6","mvQTL","A",209.362334590986
