"","test","chr.type","max.lod"
"1","mQTL","A",367.469022319413
"2","mQTL","A",368.578937765882
"3","vQTL","A",296.947501666931
"4","vQTL","A",274.409354289207
"5","mvQTL","A",273.896473873918
"6","mvQTL","A",395.545396735556
